{"cameraMode":{"drawMode":0,"name":"Shaded","section":"Shading Mode"},"sceneLighting":true,"audioPlay":false,"sceneViewState":{"showFog":true,"showMaterialUpdate":false,"showSkybox":true,"showFlares":true,"showImageEffects":true,"showParticleSystems":true,"showVisualEffectGraphs":true,"m_FxEnabled":true},"in2DMode":false,"pivot":{"x":2.884708881378174,"y":4.468784809112549,"z":2.585681438446045},"rotation":{"x":0.13625366985797883,"y":0.04455970600247383,"z":-0.006129483692348003,"w":0.9897032976150513},"size":1.6085987091064454,"orthographic":false}