{"cameraMode":{"drawMode":0,"name":"Shaded","section":"Shading Mode"},"sceneLighting":true,"audioPlay":false,"sceneViewState":{"showFog":true,"showMaterialUpdate":false,"showSkybox":true,"showFlares":true,"showImageEffects":true,"showParticleSystems":true,"showVisualEffectGraphs":true,"m_FxEnabled":true},"in2DMode":false,"pivot":{"x":0.20000001788139344,"y":1.899999976158142,"z":8.100000381469727},"rotation":{"x":0.005966632626950741,"y":0.10760489851236344,"z":-0.0006372870993800461,"w":0.9942046403884888},"size":2.2862772941589357,"orthographic":false}