{"cameraMode":{"drawMode":0,"name":"Shaded","section":"Shading Mode"},"sceneLighting":true,"audioPlay":false,"sceneViewState":{"showFog":true,"showMaterialUpdate":false,"showSkybox":true,"showFlares":true,"showImageEffects":true,"showParticleSystems":true,"showVisualEffectGraphs":true,"m_FxEnabled":true},"in2DMode":false,"pivot":{"x":2.7170000076293947,"y":3.0900001525878908,"z":2.200000047683716},"rotation":{"x":0.0034267003647983076,"y":0.9603440165519714,"z":-0.2785539925098419,"w":0.011813527904450894},"size":4.599996566772461,"orthographic":false}